WARD,area_x,start_station_count,end_station_count,total_station_count,station_density,bike_lane_count,area_y,density_per_km2
8,53199004.946238704,44,35,79,1.4849901812982216,62,53199004.946238704,1.165435332158098
6,28996839.387400288,100,73,173,5.966167473934141,587,28996839.387400288,20.243585590747635
7,39505973.8757872,39,32,71,1.797196551165523,173,39505973.8757872,4.3790845542483865
2,30231973.20956945,157,109,266,8.798631771604043,566,30231973.20956945,18.72190068694695
1,10831974.353156485,88,40,128,11.8168669742742,308,10831974.353156485,28.434336156847294
5,44380534.02504732,74,46,120,2.7038881490762336,188,44380534.02504732,4.236091433552766
3,46686392.7014562,42,32,74,1.5850442863128267,100,46686392.7014562,2.1419517382605764
4,38462562.700868666,74,24,98,2.5479321479997665,243,38462562.700868666,6.317831754734115
